date,feedback,sentiment
8/24/2024,"Fantastic experience, I’ll buy again.",neutral
2/1/2025,"I had a neutral experience, nothing special.",positive
5/17/2025,I am not satisfied with the purchase.,neutral
6/1/2025,Highly recommend this to my friends.,negative
3/13/2025,Not worth the money spent.,neutral
1/4/2025,Received the wrong item in my order.,negative
10/23/2024,Too expensive for the quality offered.,negative
8/20/2024,I faced multiple issues with payment.,negative
11/27/2024,Quick delivery and good condition.,negative
1/19/2025,Quick delivery and good condition.,negative
3/31/2025,"Fantastic experience, I’ll buy again.",neutral
6/3/2025,Absolutely love the design and features.,neutral
2/17/2025,The update made the app slower.,negative
3/15/2025,Quick delivery and good condition.,neutral
8/15/2025,Absolutely love the design and features.,negative
2/22/2025,Highly recommend this to my friends.,positive
1/26/2025,"I had a neutral experience, nothing special.",neutral
5/17/2025,Received the wrong item in my order.,negative
6/15/2025,Quick delivery and good condition.,positive
6/17/2025,The app is easy to use and very convenient.,positive
10/16/2024,Delivery was late and packaging was damaged.,positive
1/8/2025,Very reliable and trustworthy service.,positive
11/24/2024,"Everything was okay, just average.",positive
9/2/2024,The product quality is excellent!,positive
3/5/2025,Highly recommend this to my friends.,negative
9/25/2024,Too expensive for the quality offered.,positive
2/14/2025,I am not satisfied with the purchase.,negative
11/4/2024,Highly recommend this to my friends.,positive
1/23/2025,Customer service was helpful and polite.,positive
10/17/2024,Not worth the money spent.,negative
1/21/2025,The instructions were unclear and confusing.,positive
12/15/2024,"I had a neutral experience, nothing special.",positive
11/7/2024,The product quality is excellent!,neutral
8/15/2025,I faced multiple issues with payment.,positive
11/16/2024,Received the wrong item in my order.,neutral
1/24/2025,Received the wrong item in my order.,negative
1/14/2025,Website navigation is smooth and user-friendly.,negative
8/28/2024,"I had a neutral experience, nothing special.",neutral
8/13/2025,Very reliable and trustworthy service.,neutral
9/4/2024,Quick delivery and good condition.,neutral
1/30/2025,Quick delivery and good condition.,negative
3/30/2025,Delivery was late and packaging was damaged.,negative
3/30/2025,Not worth the money spent.,negative
7/19/2025,Absolutely love the design and features.,neutral
5/26/2025,Received the wrong item in my order.,neutral
9/12/2024,The product quality is excellent!,negative
7/13/2025,Support team didn’t resolve my issue.,neutral
12/9/2024,Quick delivery and good condition.,positive
3/8/2025,Support team didn’t resolve my issue.,neutral
4/5/2025,Received the wrong item in my order.,negative
3/22/2025,Very reliable and trustworthy service.,negative
4/21/2025,Customer service was helpful and polite.,positive
2/27/2025,Highly recommend this to my friends.,negative
6/15/2025,Not worth the money spent.,neutral
10/15/2024,Not worth the money spent.,positive
5/12/2025,Delivery was late and packaging was damaged.,positive
12/2/2024,Absolutely love the design and features.,positive
2/20/2025,Customer service was helpful and polite.,negative
2/12/2025,Absolutely love the design and features.,neutral
6/29/2025,Website navigation is smooth and user-friendly.,neutral
1/3/2025,Quick delivery and good condition.,neutral
1/5/2025,I am not satisfied with the purchase.,positive
12/2/2024,I faced multiple issues with payment.,neutral
6/10/2025,The update made the app slower.,neutral
1/1/2025,Received the wrong item in my order.,neutral
7/9/2025,Customer service was helpful and polite.,neutral
11/27/2024,Not worth the money spent.,positive
8/27/2024,Very reliable and trustworthy service.,neutral
1/1/2025,The update made the app slower.,neutral
6/3/2025,Very reliable and trustworthy service.,positive
7/15/2025,Highly recommend this to my friends.,negative
10/17/2024,The instructions were unclear and confusing.,positive
11/7/2024,Highly recommend this to my friends.,positive
3/14/2025,Too expensive for the quality offered.,positive
2/19/2025,Absolutely love the design and features.,negative
2/17/2025,Very reliable and trustworthy service.,positive
4/2/2025,"I had a neutral experience, nothing special.",neutral
11/7/2024,I am not satisfied with the purchase.,neutral
12/31/2024,The app is easy to use and very convenient.,negative
12/10/2024,"I had a neutral experience, nothing special.",neutral
9/13/2024,Customer service was helpful and polite.,positive
10/4/2024,Delivery was late and packaging was damaged.,neutral
7/23/2025,Not worth the money spent.,negative
9/3/2024,Too expensive for the quality offered.,positive
8/24/2024,The instructions were unclear and confusing.,negative
3/30/2025,Support team didn’t resolve my issue.,positive
3/26/2025,Very reliable and trustworthy service.,negative
8/20/2024,Support team didn’t resolve my issue.,negative
8/1/2025,Highly recommend this to my friends.,neutral
6/16/2025,Not worth the money spent.,negative
1/21/2025,Absolutely love the design and features.,neutral
2/12/2025,Website navigation is smooth and user-friendly.,neutral
12/17/2024,"Everything was okay, just average.",neutral
11/21/2024,The product quality is excellent!,neutral
8/3/2025,The product quality is excellent!,neutral
2/23/2025,I faced multiple issues with payment.,negative
6/30/2025,Too expensive for the quality offered.,neutral
11/17/2024,I faced multiple issues with payment.,positive
4/6/2025,Too expensive for the quality offered.,negative
10/19/2024,Not worth the money spent.,positive
4/12/2025,I am not satisfied with the purchase.,negative
12/1/2024,The instructions were unclear and confusing.,negative
5/5/2025,Quick delivery and good condition.,positive
4/28/2025,Not worth the money spent.,neutral
5/18/2025,The product quality is excellent!,positive
6/21/2025,Too expensive for the quality offered.,negative
8/6/2025,The update made the app slower.,neutral
3/18/2025,The instructions were unclear and confusing.,neutral
3/13/2025,"I had a neutral experience, nothing special.",positive
9/5/2024,Delivery was late and packaging was damaged.,negative
10/5/2024,The app is easy to use and very convenient.,neutral
3/25/2025,Customer service was helpful and polite.,positive
2/4/2025,Highly recommend this to my friends.,negative
12/2/2024,Absolutely love the design and features.,negative
7/21/2025,Received the wrong item in my order.,positive
1/15/2025,The app is easy to use and very convenient.,positive
2/5/2025,Customer service was helpful and polite.,neutral
12/24/2024,The app is easy to use and very convenient.,positive
1/5/2025,Absolutely love the design and features.,positive
4/15/2025,Customer service was helpful and polite.,positive
4/23/2025,Delivery was late and packaging was damaged.,neutral
7/13/2025,Not worth the money spent.,positive
11/9/2024,Not worth the money spent.,positive
5/4/2025,The app is easy to use and very convenient.,negative
11/14/2024,I faced multiple issues with payment.,positive
6/20/2025,I am not satisfied with the purchase.,neutral
5/21/2025,"Fantastic experience, I’ll buy again.",negative
8/11/2025,Support team didn’t resolve my issue.,positive
5/3/2025,I am not satisfied with the purchase.,positive
10/28/2024,"Fantastic experience, I’ll buy again.",negative
8/18/2024,Support team didn’t resolve my issue.,negative
9/23/2024,I faced multiple issues with payment.,positive
3/2/2025,"I had a neutral experience, nothing special.",negative
4/16/2025,Absolutely love the design and features.,neutral
9/18/2024,"I had a neutral experience, nothing special.",negative
5/5/2025,Absolutely love the design and features.,negative
5/11/2025,Too expensive for the quality offered.,negative
7/23/2025,I am not satisfied with the purchase.,neutral
4/21/2025,Not worth the money spent.,negative
7/26/2025,Website navigation is smooth and user-friendly.,negative
1/13/2025,I faced multiple issues with payment.,positive
12/2/2024,The update made the app slower.,neutral
2/15/2025,"I had a neutral experience, nothing special.",neutral
4/30/2025,Not worth the money spent.,negative
4/18/2025,Customer service was helpful and polite.,neutral
5/2/2025,"Everything was okay, just average.",positive
7/18/2025,Support team didn’t resolve my issue.,positive
11/17/2024,Website navigation is smooth and user-friendly.,negative
6/14/2025,Highly recommend this to my friends.,negative
1/23/2025,"Everything was okay, just average.",neutral
10/16/2024,Customer service was helpful and polite.,positive
3/15/2025,Received the wrong item in my order.,positive
12/6/2024,Customer service was helpful and polite.,negative
8/4/2025,I faced multiple issues with payment.,negative
9/7/2024,Website navigation is smooth and user-friendly.,positive
4/22/2025,Customer service was helpful and polite.,negative
1/9/2025,Absolutely love the design and features.,negative
12/26/2024,Quick delivery and good condition.,negative
9/12/2024,"Everything was okay, just average.",positive
4/29/2025,Delivery was late and packaging was damaged.,negative
6/10/2025,The app is easy to use and very convenient.,negative
2/8/2025,"Everything was okay, just average.",negative
1/27/2025,Too expensive for the quality offered.,neutral
5/22/2025,"Everything was okay, just average.",positive
3/6/2025,Too expensive for the quality offered.,neutral
11/23/2024,Not worth the money spent.,neutral
2/23/2025,Customer service was helpful and polite.,positive
1/22/2025,Absolutely love the design and features.,positive
4/11/2025,Customer service was helpful and polite.,negative
2/5/2025,Support team didn’t resolve my issue.,neutral
10/13/2024,Website navigation is smooth and user-friendly.,negative
4/4/2025,Customer service was helpful and polite.,negative
7/21/2025,Not worth the money spent.,negative
10/10/2024,Website navigation is smooth and user-friendly.,neutral
2/4/2025,Absolutely love the design and features.,negative
6/24/2025,Received the wrong item in my order.,positive
10/27/2024,Absolutely love the design and features.,negative
1/20/2025,The product quality is excellent!,negative
9/8/2024,"Everything was okay, just average.",negative
7/5/2025,I faced multiple issues with payment.,positive
6/16/2025,"Fantastic experience, I’ll buy again.",positive
3/15/2025,Absolutely love the design and features.,positive
3/27/2025,"Everything was okay, just average.",negative
6/24/2025,I am not satisfied with the purchase.,neutral
12/20/2024,The update made the app slower.,negative
3/25/2025,Not worth the money spent.,positive
10/11/2024,Quick delivery and good condition.,neutral
1/27/2025,"I had a neutral experience, nothing special.",negative
9/17/2024,The instructions were unclear and confusing.,negative
4/26/2025,Not worth the money spent.,negative
6/15/2025,"I had a neutral experience, nothing special.",positive
1/21/2025,Highly recommend this to my friends.,neutral
6/19/2025,"Everything was okay, just average.",positive
7/16/2025,Website navigation is smooth and user-friendly.,negative
7/11/2025,The app is easy to use and very convenient.,negative
8/17/2024,Very reliable and trustworthy service.,positive
4/19/2025,"I had a neutral experience, nothing special.",positive
10/2/2024,Delivery was late and packaging was damaged.,negative
7/11/2025,I am not satisfied with the purchase.,negative
1/15/2025,The instructions were unclear and confusing.,negative
7/20/2025,Website navigation is smooth and user-friendly.,positive
5/11/2025,"I had a neutral experience, nothing special.",negative
9/13/2024,Absolutely love the design and features.,neutral
3/13/2025,Delivery was late and packaging was damaged.,positive
7/18/2025,Highly recommend this to my friends.,negative
9/16/2024,The product quality is excellent!,negative
8/25/2024,Customer service was helpful and polite.,positive
4/13/2025,I am not satisfied with the purchase.,neutral
12/11/2024,Quick delivery and good condition.,positive
2/11/2025,Absolutely love the design and features.,neutral
10/21/2024,I faced multiple issues with payment.,neutral
4/13/2025,Very reliable and trustworthy service.,neutral
7/25/2025,Highly recommend this to my friends.,neutral
11/6/2024,Customer service was helpful and polite.,negative
6/27/2025,"Fantastic experience, I’ll buy again.",negative
9/3/2024,Quick delivery and good condition.,neutral
8/1/2025,Not worth the money spent.,negative
8/21/2024,The update made the app slower.,positive
3/20/2025,Absolutely love the design and features.,negative
2/24/2025,The update made the app slower.,neutral
4/28/2025,The product quality is excellent!,negative
8/9/2025,Quick delivery and good condition.,positive
11/15/2024,Support team didn’t resolve my issue.,positive
8/31/2024,The instructions were unclear and confusing.,neutral
8/20/2024,I am not satisfied with the purchase.,negative
4/29/2025,Absolutely love the design and features.,positive
11/12/2024,Delivery was late and packaging was damaged.,negative
8/21/2024,I am not satisfied with the purchase.,neutral
12/18/2024,Absolutely love the design and features.,neutral
5/14/2025,Website navigation is smooth and user-friendly.,positive
3/4/2025,Too expensive for the quality offered.,neutral
12/11/2024,The product quality is excellent!,positive
10/25/2024,Customer service was helpful and polite.,positive
9/4/2024,The update made the app slower.,neutral
3/1/2025,Quick delivery and good condition.,positive
2/10/2025,"Everything was okay, just average.",positive
1/12/2025,I am not satisfied with the purchase.,negative
4/9/2025,Highly recommend this to my friends.,neutral
2/5/2025,Support team didn’t resolve my issue.,neutral
2/1/2025,"I had a neutral experience, nothing special.",positive
6/23/2025,"Everything was okay, just average.",negative
8/7/2025,Delivery was late and packaging was damaged.,positive
9/17/2024,Not worth the money spent.,negative
1/27/2025,"Fantastic experience, I’ll buy again.",positive
4/2/2025,Very reliable and trustworthy service.,positive
3/29/2025,Not worth the money spent.,neutral
6/24/2025,The update made the app slower.,neutral
8/14/2025,Absolutely love the design and features.,negative
1/17/2025,Not worth the money spent.,negative
2/2/2025,"I had a neutral experience, nothing special.",positive
11/9/2024,Too expensive for the quality offered.,negative
9/20/2024,Quick delivery and good condition.,negative
1/20/2025,Customer service was helpful and polite.,negative
1/26/2025,The instructions were unclear and confusing.,positive
1/17/2025,"Fantastic experience, I’ll buy again.",negative
11/6/2024,"Everything was okay, just average.",positive
5/16/2025,Website navigation is smooth and user-friendly.,neutral
12/2/2024,Not worth the money spent.,neutral
10/2/2024,"Fantastic experience, I’ll buy again.",negative
11/26/2024,Very reliable and trustworthy service.,negative
5/31/2025,Very reliable and trustworthy service.,neutral
11/6/2024,The product quality is excellent!,positive
1/14/2025,Customer service was helpful and polite.,positive
6/5/2025,Very reliable and trustworthy service.,positive
4/20/2025,Received the wrong item in my order.,negative
4/24/2025,I faced multiple issues with payment.,neutral
3/12/2025,I am not satisfied with the purchase.,positive
9/16/2024,"Fantastic experience, I’ll buy again.",neutral
9/19/2024,Not worth the money spent.,positive
12/11/2024,Very reliable and trustworthy service.,positive
11/9/2024,The product quality is excellent!,positive
6/3/2025,Not worth the money spent.,negative
3/26/2025,Website navigation is smooth and user-friendly.,neutral
3/7/2025,The app is easy to use and very convenient.,negative
1/28/2025,Not worth the money spent.,negative
5/23/2025,"Everything was okay, just average.",neutral
10/23/2024,I am not satisfied with the purchase.,negative
7/29/2025,Delivery was late and packaging was damaged.,negative
6/15/2025,The instructions were unclear and confusing.,neutral
7/29/2025,The app is easy to use and very convenient.,negative
12/10/2024,Highly recommend this to my friends.,negative
10/28/2024,I am not satisfied with the purchase.,neutral
4/13/2025,Absolutely love the design and features.,positive
6/3/2025,The instructions were unclear and confusing.,neutral
4/25/2025,Customer service was helpful and polite.,neutral
5/27/2025,Highly recommend this to my friends.,neutral
3/18/2025,The product quality is excellent!,neutral
10/2/2024,Too expensive for the quality offered.,positive
6/18/2025,Customer service was helpful and polite.,positive
9/23/2024,Delivery was late and packaging was damaged.,neutral
7/29/2025,"Everything was okay, just average.",negative
2/17/2025,Not worth the money spent.,neutral
12/25/2024,Support team didn’t resolve my issue.,neutral
5/10/2025,"Everything was okay, just average.",negative
10/25/2024,I am not satisfied with the purchase.,neutral
6/22/2025,I faced multiple issues with payment.,negative
11/10/2024,Quick delivery and good condition.,neutral
3/28/2025,I am not satisfied with the purchase.,neutral
6/14/2025,Highly recommend this to my friends.,neutral
7/11/2025,Delivery was late and packaging was damaged.,positive
11/10/2024,Quick delivery and good condition.,neutral
2/5/2025,"Everything was okay, just average.",negative
2/9/2025,The product quality is excellent!,negative
8/17/2025,Not worth the money spent.,neutral
3/20/2025,Website navigation is smooth and user-friendly.,positive
9/7/2024,Very reliable and trustworthy service.,positive
1/2/2025,"Everything was okay, just average.",negative
12/7/2024,Website navigation is smooth and user-friendly.,negative
9/5/2024,Support team didn’t resolve my issue.,negative
10/10/2024,"Everything was okay, just average.",positive
8/5/2025,I am not satisfied with the purchase.,positive
1/9/2025,The update made the app slower.,neutral
8/17/2024,Very reliable and trustworthy service.,neutral
10/24/2024,"I had a neutral experience, nothing special.",positive
1/8/2025,The update made the app slower.,negative
10/12/2024,Quick delivery and good condition.,negative
8/23/2024,Absolutely love the design and features.,neutral
2/4/2025,"Fantastic experience, I’ll buy again.",positive
5/27/2025,The app is easy to use and very convenient.,neutral
12/13/2024,Delivery was late and packaging was damaged.,neutral
9/1/2024,I faced multiple issues with payment.,positive
2/17/2025,Support team didn’t resolve my issue.,positive
8/20/2024,The product quality is excellent!,positive
4/6/2025,Quick delivery and good condition.,positive
7/9/2025,The instructions were unclear and confusing.,positive
1/11/2025,Highly recommend this to my friends.,positive
7/16/2025,"Everything was okay, just average.",positive
1/20/2025,Highly recommend this to my friends.,negative
3/3/2025,Highly recommend this to my friends.,positive
10/11/2024,Too expensive for the quality offered.,negative
11/7/2024,The app is easy to use and very convenient.,negative
7/14/2025,The product quality is excellent!,negative
8/16/2025,I faced multiple issues with payment.,neutral
12/21/2024,I faced multiple issues with payment.,neutral
10/15/2024,Too expensive for the quality offered.,positive
8/25/2024,Highly recommend this to my friends.,neutral
5/11/2025,I am not satisfied with the purchase.,negative
8/17/2024,Website navigation is smooth and user-friendly.,negative
2/28/2025,Quick delivery and good condition.,neutral
8/14/2025,The update made the app slower.,positive
3/2/2025,Very reliable and trustworthy service.,neutral
2/20/2025,Quick delivery and good condition.,negative
5/2/2025,Too expensive for the quality offered.,positive
4/11/2025,Absolutely love the design and features.,negative
6/10/2025,Website navigation is smooth and user-friendly.,negative
5/20/2025,Delivery was late and packaging was damaged.,negative
10/29/2024,The instructions were unclear and confusing.,negative
9/16/2024,"Fantastic experience, I’ll buy again.",neutral
9/27/2024,Website navigation is smooth and user-friendly.,positive
9/9/2024,Delivery was late and packaging was damaged.,neutral
9/5/2024,Not worth the money spent.,negative
7/22/2025,The update made the app slower.,neutral
8/1/2025,The product quality is excellent!,positive
11/29/2024,Not worth the money spent.,negative
12/28/2024,I faced multiple issues with payment.,neutral
8/4/2025,Absolutely love the design and features.,negative
4/9/2025,The product quality is excellent!,neutral
7/4/2025,Website navigation is smooth and user-friendly.,neutral
3/9/2025,Highly recommend this to my friends.,negative
12/22/2024,The app is easy to use and very convenient.,neutral
4/16/2025,The product quality is excellent!,positive
6/19/2025,Customer service was helpful and polite.,positive
8/18/2024,Too expensive for the quality offered.,positive
8/8/2025,Received the wrong item in my order.,negative
8/16/2025,"Fantastic experience, I’ll buy again.",neutral
1/2/2025,Delivery was late and packaging was damaged.,positive
7/2/2025,Absolutely love the design and features.,positive
12/26/2024,I am not satisfied with the purchase.,positive
2/20/2025,Highly recommend this to my friends.,neutral
10/27/2024,Received the wrong item in my order.,neutral
7/26/2025,The instructions were unclear and confusing.,negative
3/1/2025,I faced multiple issues with payment.,negative
2/13/2025,Support team didn’t resolve my issue.,neutral
5/19/2025,Quick delivery and good condition.,negative
10/22/2024,"I had a neutral experience, nothing special.",positive
6/28/2025,Delivery was late and packaging was damaged.,negative
2/25/2025,The update made the app slower.,negative
7/24/2025,Too expensive for the quality offered.,neutral
4/2/2025,The update made the app slower.,positive
11/25/2024,The instructions were unclear and confusing.,positive
3/21/2025,Very reliable and trustworthy service.,negative
12/5/2024,The update made the app slower.,negative
6/10/2025,Customer service was helpful and polite.,negative
9/3/2024,Quick delivery and good condition.,neutral
2/8/2025,I faced multiple issues with payment.,neutral
2/15/2025,Not worth the money spent.,neutral
7/22/2025,Absolutely love the design and features.,neutral
10/4/2024,Customer service was helpful and polite.,negative
12/11/2024,"Everything was okay, just average.",negative
4/13/2025,Support team didn’t resolve my issue.,negative
2/16/2025,"Fantastic experience, I’ll buy again.",positive
4/17/2025,The update made the app slower.,negative
3/3/2025,"I had a neutral experience, nothing special.",neutral
10/20/2024,The update made the app slower.,positive
8/16/2025,Delivery was late and packaging was damaged.,negative
7/2/2025,Website navigation is smooth and user-friendly.,negative
3/23/2025,Customer service was helpful and polite.,positive
1/15/2025,"Everything was okay, just average.",positive
9/21/2024,I am not satisfied with the purchase.,positive
10/17/2024,"Everything was okay, just average.",negative
4/3/2025,"Everything was okay, just average.",negative
4/29/2025,Website navigation is smooth and user-friendly.,neutral
10/19/2024,"I had a neutral experience, nothing special.",neutral
11/23/2024,The update made the app slower.,negative
8/16/2025,Not worth the money spent.,neutral
12/24/2024,The instructions were unclear and confusing.,negative
6/8/2025,Not worth the money spent.,neutral
11/18/2024,Not worth the money spent.,negative
3/13/2025,"Fantastic experience, I’ll buy again.",positive
5/6/2025,The update made the app slower.,neutral
5/13/2025,Customer service was helpful and polite.,neutral
2/18/2025,Customer service was helpful and polite.,positive
10/25/2024,"Everything was okay, just average.",neutral
6/4/2025,"Everything was okay, just average.",neutral
4/15/2025,The update made the app slower.,positive
7/6/2025,Absolutely love the design and features.,positive
4/19/2025,I faced multiple issues with payment.,positive
4/14/2025,Customer service was helpful and polite.,neutral
1/16/2025,Delivery was late and packaging was damaged.,negative
9/2/2024,The update made the app slower.,neutral
8/29/2024,"Everything was okay, just average.",positive
2/7/2025,The product quality is excellent!,positive
1/13/2025,I faced multiple issues with payment.,neutral
8/25/2024,I am not satisfied with the purchase.,negative
2/18/2025,Received the wrong item in my order.,negative
2/18/2025,Very reliable and trustworthy service.,positive
5/2/2025,I am not satisfied with the purchase.,positive
4/19/2025,The instructions were unclear and confusing.,positive
9/24/2024,Quick delivery and good condition.,neutral
9/22/2024,Quick delivery and good condition.,negative
4/29/2025,Delivery was late and packaging was damaged.,positive
6/21/2025,Very reliable and trustworthy service.,negative
6/19/2025,Quick delivery and good condition.,positive
7/6/2025,Absolutely love the design and features.,negative
10/26/2024,Customer service was helpful and polite.,neutral
10/30/2024,"Fantastic experience, I’ll buy again.",neutral
6/1/2025,The update made the app slower.,negative
8/16/2025,"I had a neutral experience, nothing special.",positive
8/1/2025,Highly recommend this to my friends.,neutral
11/8/2024,"I had a neutral experience, nothing special.",negative
7/23/2025,Received the wrong item in my order.,negative
1/16/2025,The product quality is excellent!,neutral
5/19/2025,Not worth the money spent.,positive
10/2/2024,Support team didn’t resolve my issue.,neutral
3/11/2025,The app is easy to use and very convenient.,negative
3/22/2025,Received the wrong item in my order.,neutral
11/16/2024,I faced multiple issues with payment.,positive
2/22/2025,"I had a neutral experience, nothing special.",positive
12/2/2024,I am not satisfied with the purchase.,negative
7/18/2025,Highly recommend this to my friends.,neutral
11/27/2024,Not worth the money spent.,positive
11/21/2024,Too expensive for the quality offered.,neutral
10/2/2024,Very reliable and trustworthy service.,positive
11/21/2024,Received the wrong item in my order.,negative
10/26/2024,Customer service was helpful and polite.,neutral
6/20/2025,Not worth the money spent.,positive
10/14/2024,Customer service was helpful and polite.,negative
1/3/2025,Too expensive for the quality offered.,negative
7/31/2025,Received the wrong item in my order.,positive
8/12/2025,Received the wrong item in my order.,negative
8/29/2024,Absolutely love the design and features.,negative
1/5/2025,"I had a neutral experience, nothing special.",neutral
4/27/2025,The instructions were unclear and confusing.,negative
4/15/2025,"I had a neutral experience, nothing special.",neutral
10/6/2024,The update made the app slower.,neutral
2/8/2025,Received the wrong item in my order.,positive
12/12/2024,"I had a neutral experience, nothing special.",neutral
7/9/2025,"Everything was okay, just average.",positive
2/10/2025,Too expensive for the quality offered.,neutral
11/7/2024,Customer service was helpful and polite.,neutral
9/5/2024,The update made the app slower.,neutral
6/6/2025,Quick delivery and good condition.,negative
9/28/2024,"I had a neutral experience, nothing special.",negative
12/16/2024,Received the wrong item in my order.,negative
8/2/2025,Website navigation is smooth and user-friendly.,neutral
3/25/2025,The update made the app slower.,neutral
11/25/2024,I am not satisfied with the purchase.,neutral
2/26/2025,Highly recommend this to my friends.,negative
7/20/2025,Not worth the money spent.,neutral
4/22/2025,"Everything was okay, just average.",neutral
12/7/2024,"Everything was okay, just average.",neutral
3/26/2025,Not worth the money spent.,positive
1/29/2025,Delivery was late and packaging was damaged.,neutral
4/22/2025,Highly recommend this to my friends.,positive
1/12/2025,Website navigation is smooth and user-friendly.,neutral
2/27/2025,I faced multiple issues with payment.,neutral
1/28/2025,Website navigation is smooth and user-friendly.,negative
6/18/2025,Very reliable and trustworthy service.,neutral
11/13/2024,Too expensive for the quality offered.,positive
5/26/2025,I faced multiple issues with payment.,neutral
3/29/2025,"Everything was okay, just average.",negative
7/27/2025,Highly recommend this to my friends.,neutral
3/24/2025,"Fantastic experience, I’ll buy again.",neutral
6/2/2025,The update made the app slower.,negative
3/31/2025,Website navigation is smooth and user-friendly.,positive
7/18/2025,Support team didn’t resolve my issue.,negative
9/7/2024,Not worth the money spent.,negative
7/24/2025,Website navigation is smooth and user-friendly.,neutral
9/21/2024,"Fantastic experience, I’ll buy again.",negative
2/22/2025,Very reliable and trustworthy service.,neutral
12/27/2024,Not worth the money spent.,negative
3/25/2025,The app is easy to use and very convenient.,negative
10/16/2024,I am not satisfied with the purchase.,positive
6/18/2025,Support team didn’t resolve my issue.,positive
2/28/2025,The update made the app slower.,neutral
5/6/2025,Delivery was late and packaging was damaged.,neutral
12/30/2024,I am not satisfied with the purchase.,negative
3/22/2025,The app is easy to use and very convenient.,positive
10/10/2024,I faced multiple issues with payment.,negative
10/24/2024,"Everything was okay, just average.",neutral
11/8/2024,I am not satisfied with the purchase.,neutral
7/25/2025,"I had a neutral experience, nothing special.",negative
9/2/2024,Customer service was helpful and polite.,neutral
5/25/2025,Too expensive for the quality offered.,negative
3/4/2025,The product quality is excellent!,positive
9/2/2024,Absolutely love the design and features.,positive
9/27/2024,Quick delivery and good condition.,negative
3/30/2025,Quick delivery and good condition.,neutral
9/8/2024,I faced multiple issues with payment.,positive
10/31/2024,Quick delivery and good condition.,neutral
11/21/2024,Very reliable and trustworthy service.,positive
10/3/2024,Too expensive for the quality offered.,positive
11/4/2024,Customer service was helpful and polite.,positive
9/14/2024,The app is easy to use and very convenient.,neutral
10/29/2024,The app is easy to use and very convenient.,neutral
3/2/2025,Absolutely love the design and features.,negative
1/7/2025,Highly recommend this to my friends.,positive
2/20/2025,Highly recommend this to my friends.,positive
5/24/2025,The update made the app slower.,positive
9/30/2024,"Everything was okay, just average.",negative
6/24/2025,Too expensive for the quality offered.,positive
2/12/2025,Website navigation is smooth and user-friendly.,neutral
1/6/2025,The instructions were unclear and confusing.,negative
6/5/2025,Customer service was helpful and polite.,neutral
6/29/2025,I am not satisfied with the purchase.,positive
2/25/2025,I am not satisfied with the purchase.,neutral
10/10/2024,The product quality is excellent!,negative
3/27/2025,Customer service was helpful and polite.,neutral
5/31/2025,Not worth the money spent.,negative
12/6/2024,"I had a neutral experience, nothing special.",negative
10/7/2024,Support team didn’t resolve my issue.,positive
11/5/2024,Very reliable and trustworthy service.,positive
10/31/2024,Customer service was helpful and polite.,negative
1/15/2025,The update made the app slower.,positive
10/22/2024,"Everything was okay, just average.",positive
10/28/2024,Support team didn’t resolve my issue.,positive
2/3/2025,Not worth the money spent.,neutral
8/21/2024,Very reliable and trustworthy service.,neutral
11/17/2024,Customer service was helpful and polite.,positive
1/26/2025,Too expensive for the quality offered.,negative
9/13/2024,Customer service was helpful and polite.,negative
8/12/2025,Website navigation is smooth and user-friendly.,negative
8/24/2024,The instructions were unclear and confusing.,positive
9/14/2024,Customer service was helpful and polite.,negative
7/30/2025,Support team didn’t resolve my issue.,negative
11/15/2024,Received the wrong item in my order.,negative
2/1/2025,Highly recommend this to my friends.,negative
3/29/2025,Highly recommend this to my friends.,neutral
4/6/2025,Website navigation is smooth and user-friendly.,negative
12/3/2024,"Fantastic experience, I’ll buy again.",negative
5/14/2025,I am not satisfied with the purchase.,negative
6/1/2025,Support team didn’t resolve my issue.,neutral
4/4/2025,The update made the app slower.,positive
5/30/2025,Delivery was late and packaging was damaged.,positive
3/11/2025,Too expensive for the quality offered.,neutral
3/26/2025,Absolutely love the design and features.,positive
10/2/2024,Website navigation is smooth and user-friendly.,neutral
11/13/2024,Not worth the money spent.,neutral
10/22/2024,"Everything was okay, just average.",neutral
8/24/2024,Very reliable and trustworthy service.,negative
10/29/2024,Website navigation is smooth and user-friendly.,neutral
1/12/2025,The update made the app slower.,positive
12/20/2024,I am not satisfied with the purchase.,positive
11/19/2024,The instructions were unclear and confusing.,neutral
7/21/2025,I am not satisfied with the purchase.,neutral
3/28/2025,I am not satisfied with the purchase.,neutral
8/2/2025,I am not satisfied with the purchase.,neutral
4/4/2025,The product quality is excellent!,neutral
2/2/2025,Very reliable and trustworthy service.,neutral
9/21/2024,"Everything was okay, just average.",positive
4/8/2025,Absolutely love the design and features.,positive
12/4/2024,"Everything was okay, just average.",negative
1/17/2025,Website navigation is smooth and user-friendly.,negative
4/2/2025,Absolutely love the design and features.,positive
3/18/2025,Not worth the money spent.,neutral
10/23/2024,Not worth the money spent.,positive
3/19/2025,The product quality is excellent!,neutral
9/24/2024,Absolutely love the design and features.,neutral
10/15/2024,Not worth the money spent.,neutral
10/30/2024,Received the wrong item in my order.,neutral
12/24/2024,Highly recommend this to my friends.,neutral
3/20/2025,Highly recommend this to my friends.,neutral
5/9/2025,"Fantastic experience, I’ll buy again.",positive
7/18/2025,Too expensive for the quality offered.,neutral
1/25/2025,I am not satisfied with the purchase.,neutral
12/21/2024,I am not satisfied with the purchase.,positive
6/29/2025,"I had a neutral experience, nothing special.",positive
10/15/2024,Website navigation is smooth and user-friendly.,positive
4/20/2025,Quick delivery and good condition.,neutral
4/4/2025,Quick delivery and good condition.,neutral
5/18/2025,Received the wrong item in my order.,neutral
4/21/2025,Highly recommend this to my friends.,negative
1/14/2025,I am not satisfied with the purchase.,neutral
4/14/2025,Very reliable and trustworthy service.,positive
9/9/2024,The product quality is excellent!,positive
4/9/2025,Very reliable and trustworthy service.,positive
6/15/2025,The update made the app slower.,neutral
6/18/2025,"Everything was okay, just average.",neutral
4/22/2025,"I had a neutral experience, nothing special.",negative
10/4/2024,Received the wrong item in my order.,negative
5/31/2025,Very reliable and trustworthy service.,positive
7/25/2025,"I had a neutral experience, nothing special.",neutral
11/21/2024,Received the wrong item in my order.,positive
10/13/2024,Support team didn’t resolve my issue.,positive
5/3/2025,Too expensive for the quality offered.,positive
5/24/2025,Highly recommend this to my friends.,positive
4/20/2025,Highly recommend this to my friends.,neutral
8/20/2024,I am not satisfied with the purchase.,negative
6/16/2025,Received the wrong item in my order.,positive
3/12/2025,Too expensive for the quality offered.,negative
5/29/2025,Highly recommend this to my friends.,positive
11/26/2024,I am not satisfied with the purchase.,neutral
10/26/2024,Highly recommend this to my friends.,positive
5/20/2025,The app is easy to use and very convenient.,neutral
7/15/2025,The product quality is excellent!,neutral
10/12/2024,Quick delivery and good condition.,negative
12/5/2024,Received the wrong item in my order.,neutral
11/24/2024,I faced multiple issues with payment.,negative
8/17/2024,"Fantastic experience, I’ll buy again.",negative
12/26/2024,"I had a neutral experience, nothing special.",neutral
11/21/2024,Support team didn’t resolve my issue.,neutral
11/26/2024,Too expensive for the quality offered.,positive
4/13/2025,The app is easy to use and very convenient.,neutral
7/31/2025,Customer service was helpful and polite.,negative
11/28/2024,Absolutely love the design and features.,neutral
5/2/2025,The app is easy to use and very convenient.,neutral
5/2/2025,The app is easy to use and very convenient.,neutral
8/12/2025,I am not satisfied with the purchase.,negative
4/17/2025,The instructions were unclear and confusing.,positive
12/7/2024,"Everything was okay, just average.",positive
9/9/2024,Website navigation is smooth and user-friendly.,negative
9/18/2024,Too expensive for the quality offered.,negative
3/23/2025,Website navigation is smooth and user-friendly.,negative
7/11/2025,The instructions were unclear and confusing.,neutral
10/7/2024,The app is easy to use and very convenient.,neutral
1/20/2025,Delivery was late and packaging was damaged.,negative
2/16/2025,Website navigation is smooth and user-friendly.,neutral
5/13/2025,Quick delivery and good condition.,neutral
11/23/2024,Delivery was late and packaging was damaged.,negative
5/12/2025,Delivery was late and packaging was damaged.,positive
4/20/2025,Too expensive for the quality offered.,positive
10/16/2024,"Everything was okay, just average.",neutral
12/30/2024,Highly recommend this to my friends.,neutral
2/7/2025,The instructions were unclear and confusing.,positive
2/3/2025,"Fantastic experience, I’ll buy again.",neutral
10/15/2024,I faced multiple issues with payment.,neutral
3/2/2025,Quick delivery and good condition.,negative
3/25/2025,The instructions were unclear and confusing.,negative
10/20/2024,Not worth the money spent.,positive
9/25/2024,The update made the app slower.,positive
7/3/2025,Highly recommend this to my friends.,positive
7/23/2025,Very reliable and trustworthy service.,negative
4/3/2025,"I had a neutral experience, nothing special.",neutral
12/8/2024,The update made the app slower.,positive
1/22/2025,"I had a neutral experience, nothing special.",neutral
2/24/2025,Quick delivery and good condition.,negative
6/22/2025,The product quality is excellent!,neutral
8/29/2024,The app is easy to use and very convenient.,neutral
2/6/2025,I faced multiple issues with payment.,negative
3/10/2025,"Fantastic experience, I’ll buy again.",negative
7/5/2025,I am not satisfied with the purchase.,negative
6/3/2025,Website navigation is smooth and user-friendly.,neutral
9/26/2024,The app is easy to use and very convenient.,negative
1/13/2025,The app is easy to use and very convenient.,negative
6/16/2025,Too expensive for the quality offered.,negative
7/14/2025,Support team didn’t resolve my issue.,negative
2/13/2025,The product quality is excellent!,negative
12/10/2024,Quick delivery and good condition.,positive
9/25/2024,I faced multiple issues with payment.,positive
1/18/2025,The instructions were unclear and confusing.,negative
7/15/2025,I faced multiple issues with payment.,neutral
1/21/2025,The update made the app slower.,negative
1/26/2025,Received the wrong item in my order.,negative
8/17/2024,Highly recommend this to my friends.,positive
10/6/2024,"I had a neutral experience, nothing special.",neutral
7/12/2025,Absolutely love the design and features.,neutral
8/12/2025,Received the wrong item in my order.,neutral
9/22/2024,The app is easy to use and very convenient.,negative
12/28/2024,Delivery was late and packaging was damaged.,positive
3/19/2025,"Fantastic experience, I’ll buy again.",positive
6/14/2025,Customer service was helpful and polite.,neutral
5/7/2025,Absolutely love the design and features.,positive
12/17/2024,Too expensive for the quality offered.,negative
9/3/2024,Website navigation is smooth and user-friendly.,negative
1/18/2025,The product quality is excellent!,neutral
9/9/2024,Website navigation is smooth and user-friendly.,negative
11/17/2024,"Everything was okay, just average.",positive
2/3/2025,"I had a neutral experience, nothing special.",positive
9/5/2024,Delivery was late and packaging was damaged.,neutral
12/23/2024,The update made the app slower.,neutral
5/5/2025,Received the wrong item in my order.,neutral
12/3/2024,Website navigation is smooth and user-friendly.,negative
11/11/2024,The app is easy to use and very convenient.,positive
10/29/2024,Received the wrong item in my order.,neutral
4/8/2025,I faced multiple issues with payment.,negative
1/17/2025,"Everything was okay, just average.",negative
4/10/2025,Support team didn’t resolve my issue.,negative
1/6/2025,Too expensive for the quality offered.,neutral
2/8/2025,I am not satisfied with the purchase.,positive
5/21/2025,Support team didn’t resolve my issue.,positive
7/7/2025,The instructions were unclear and confusing.,negative
9/4/2024,I faced multiple issues with payment.,neutral
4/18/2025,I faced multiple issues with payment.,negative
2/3/2025,Website navigation is smooth and user-friendly.,negative
5/7/2025,Delivery was late and packaging was damaged.,neutral
3/29/2025,Received the wrong item in my order.,positive
2/21/2025,Delivery was late and packaging was damaged.,negative
6/13/2025,The instructions were unclear and confusing.,neutral
5/22/2025,"I had a neutral experience, nothing special.",negative
11/11/2024,Too expensive for the quality offered.,neutral
8/27/2024,Customer service was helpful and polite.,neutral
4/22/2025,Website navigation is smooth and user-friendly.,negative
12/14/2024,Very reliable and trustworthy service.,neutral
10/29/2024,Support team didn’t resolve my issue.,negative
8/25/2024,Too expensive for the quality offered.,negative
3/23/2025,I faced multiple issues with payment.,negative
10/24/2024,"I had a neutral experience, nothing special.",negative
12/20/2024,Website navigation is smooth and user-friendly.,negative
1/23/2025,Highly recommend this to my friends.,neutral
1/8/2025,Customer service was helpful and polite.,neutral
4/14/2025,I faced multiple issues with payment.,neutral
8/17/2025,The product quality is excellent!,positive
2/27/2025,Quick delivery and good condition.,positive
7/26/2025,Delivery was late and packaging was damaged.,positive
9/4/2024,Delivery was late and packaging was damaged.,negative
6/9/2025,Not worth the money spent.,neutral
8/7/2025,"Everything was okay, just average.",positive
2/10/2025,The update made the app slower.,negative
5/17/2025,Not worth the money spent.,positive
10/4/2024,"Everything was okay, just average.",positive
1/16/2025,The app is easy to use and very convenient.,positive
11/2/2024,"Everything was okay, just average.",positive
9/11/2024,I am not satisfied with the purchase.,neutral
1/1/2025,The instructions were unclear and confusing.,negative
5/22/2025,"Fantastic experience, I’ll buy again.",neutral
11/18/2024,Very reliable and trustworthy service.,neutral
1/9/2025,I faced multiple issues with payment.,neutral
2/16/2025,The instructions were unclear and confusing.,negative
12/25/2024,I am not satisfied with the purchase.,negative
1/14/2025,"Fantastic experience, I’ll buy again.",negative
10/31/2024,Delivery was late and packaging was damaged.,positive
11/21/2024,Delivery was late and packaging was damaged.,negative
5/7/2025,Absolutely love the design and features.,neutral
2/4/2025,Absolutely love the design and features.,positive
7/31/2025,Not worth the money spent.,negative
2/1/2025,Not worth the money spent.,negative
10/8/2024,Customer service was helpful and polite.,positive
6/15/2025,Customer service was helpful and polite.,neutral
1/31/2025,"Fantastic experience, I’ll buy again.",neutral
3/22/2025,The instructions were unclear and confusing.,neutral
6/21/2025,I am not satisfied with the purchase.,negative
3/31/2025,Not worth the money spent.,positive
5/3/2025,"Fantastic experience, I’ll buy again.",negative
4/14/2025,Very reliable and trustworthy service.,neutral
1/19/2025,"Everything was okay, just average.",positive
3/5/2025,Highly recommend this to my friends.,neutral
10/18/2024,I faced multiple issues with payment.,positive
8/11/2025,Too expensive for the quality offered.,neutral
8/5/2025,Highly recommend this to my friends.,negative
2/5/2025,"I had a neutral experience, nothing special.",neutral
7/18/2025,The app is easy to use and very convenient.,neutral
12/30/2024,"I had a neutral experience, nothing special.",negative
11/15/2024,Too expensive for the quality offered.,neutral
3/13/2025,I am not satisfied with the purchase.,positive
4/26/2025,The product quality is excellent!,negative
10/12/2024,"Fantastic experience, I’ll buy again.",neutral
11/18/2024,Website navigation is smooth and user-friendly.,negative
2/22/2025,I am not satisfied with the purchase.,negative
4/2/2025,I am not satisfied with the purchase.,neutral
2/2/2025,Absolutely love the design and features.,positive
9/1/2024,Not worth the money spent.,negative
3/19/2025,"Everything was okay, just average.",negative
11/8/2024,"Fantastic experience, I’ll buy again.",neutral
8/21/2024,"Fantastic experience, I’ll buy again.",neutral
5/19/2025,Website navigation is smooth and user-friendly.,negative
3/4/2025,I faced multiple issues with payment.,positive
9/23/2024,Customer service was helpful and polite.,negative
6/4/2025,Support team didn’t resolve my issue.,neutral
9/4/2024,"Fantastic experience, I’ll buy again.",neutral
2/19/2025,"Everything was okay, just average.",positive
4/25/2025,Website navigation is smooth and user-friendly.,neutral
9/14/2024,I am not satisfied with the purchase.,neutral
9/8/2024,Too expensive for the quality offered.,negative
10/2/2024,Customer service was helpful and polite.,positive
3/6/2025,Received the wrong item in my order.,negative
3/15/2025,I am not satisfied with the purchase.,positive
6/10/2025,Very reliable and trustworthy service.,neutral
4/3/2025,"Fantastic experience, I’ll buy again.",positive
6/8/2025,Absolutely love the design and features.,positive
1/26/2025,The app is easy to use and very convenient.,neutral
6/26/2025,I faced multiple issues with payment.,positive
7/29/2025,I am not satisfied with the purchase.,neutral
4/10/2025,Absolutely love the design and features.,negative
8/3/2025,The update made the app slower.,negative
11/19/2024,Received the wrong item in my order.,positive
6/14/2025,"I had a neutral experience, nothing special.",neutral
3/28/2025,Delivery was late and packaging was damaged.,neutral
4/11/2025,"I had a neutral experience, nothing special.",positive
11/17/2024,Received the wrong item in my order.,neutral
2/1/2025,The update made the app slower.,neutral
6/30/2025,The product quality is excellent!,positive
5/17/2025,I am not satisfied with the purchase.,negative
11/19/2024,The app is easy to use and very convenient.,positive
1/9/2025,"Fantastic experience, I’ll buy again.",negative
7/23/2025,The update made the app slower.,positive
1/18/2025,The update made the app slower.,positive
5/1/2025,The instructions were unclear and confusing.,positive
2/28/2025,The update made the app slower.,negative
8/31/2024,Support team didn’t resolve my issue.,negative
8/17/2025,Absolutely love the design and features.,negative
9/12/2024,Absolutely love the design and features.,neutral
4/20/2025,Not worth the money spent.,positive
9/16/2024,Very reliable and trustworthy service.,neutral
7/16/2025,"I had a neutral experience, nothing special.",neutral
6/19/2025,Quick delivery and good condition.,negative
5/3/2025,Very reliable and trustworthy service.,neutral
2/21/2025,I faced multiple issues with payment.,neutral
12/8/2024,The update made the app slower.,negative
11/9/2024,I faced multiple issues with payment.,negative
8/25/2024,Received the wrong item in my order.,neutral
1/10/2025,Support team didn’t resolve my issue.,positive
1/26/2025,"I had a neutral experience, nothing special.",positive
6/20/2025,Absolutely love the design and features.,neutral
10/12/2024,"Fantastic experience, I’ll buy again.",negative
9/4/2024,Not worth the money spent.,neutral
7/8/2025,Received the wrong item in my order.,positive
6/19/2025,Very reliable and trustworthy service.,neutral
7/12/2025,Not worth the money spent.,positive
7/16/2025,The product quality is excellent!,positive
2/13/2025,Not worth the money spent.,negative
1/24/2025,Support team didn’t resolve my issue.,negative
3/11/2025,"Fantastic experience, I’ll buy again.",neutral
11/15/2024,Support team didn’t resolve my issue.,neutral
1/30/2025,Highly recommend this to my friends.,negative
4/24/2025,"I had a neutral experience, nothing special.",negative
10/17/2024,The product quality is excellent!,neutral
6/2/2025,Very reliable and trustworthy service.,negative
6/8/2025,I faced multiple issues with payment.,negative
12/17/2024,Too expensive for the quality offered.,positive
6/23/2025,I faced multiple issues with payment.,negative
6/4/2025,Highly recommend this to my friends.,negative
2/20/2025,Absolutely love the design and features.,neutral
10/16/2024,I am not satisfied with the purchase.,positive
6/3/2025,The product quality is excellent!,positive
12/24/2024,Too expensive for the quality offered.,neutral
1/28/2025,Very reliable and trustworthy service.,positive
10/11/2024,The instructions were unclear and confusing.,neutral
10/19/2024,Very reliable and trustworthy service.,negative
8/10/2025,The update made the app slower.,positive
4/9/2025,I faced multiple issues with payment.,positive
12/14/2024,Delivery was late and packaging was damaged.,neutral
5/4/2025,I am not satisfied with the purchase.,neutral
12/2/2024,Absolutely love the design and features.,negative
11/6/2024,Received the wrong item in my order.,neutral
2/19/2025,Very reliable and trustworthy service.,positive
6/26/2025,Customer service was helpful and polite.,neutral
8/22/2024,Website navigation is smooth and user-friendly.,positive
3/3/2025,Too expensive for the quality offered.,negative
11/22/2024,The update made the app slower.,positive
3/18/2025,The app is easy to use and very convenient.,positive
2/27/2025,Received the wrong item in my order.,neutral
1/2/2025,Customer service was helpful and polite.,neutral
1/15/2025,Not worth the money spent.,positive
4/2/2025,The update made the app slower.,positive
10/22/2024,Highly recommend this to my friends.,negative
7/11/2025,Quick delivery and good condition.,neutral
10/19/2024,Customer service was helpful and polite.,negative
12/2/2024,Support team didn’t resolve my issue.,positive
12/13/2024,Website navigation is smooth and user-friendly.,negative
2/16/2025,Delivery was late and packaging was damaged.,negative
4/19/2025,Too expensive for the quality offered.,positive
3/14/2025,Absolutely love the design and features.,negative
2/25/2025,Support team didn’t resolve my issue.,neutral
2/24/2025,I am not satisfied with the purchase.,negative
10/23/2024,The update made the app slower.,positive
3/4/2025,Too expensive for the quality offered.,positive
6/8/2025,I faced multiple issues with payment.,negative
1/15/2025,Received the wrong item in my order.,neutral
4/20/2025,Customer service was helpful and polite.,negative
12/31/2024,I faced multiple issues with payment.,negative
7/12/2025,Website navigation is smooth and user-friendly.,neutral
11/27/2024,Highly recommend this to my friends.,negative
11/23/2024,"I had a neutral experience, nothing special.",positive
6/27/2025,The instructions were unclear and confusing.,positive
3/3/2025,The product quality is excellent!,neutral
7/20/2025,"Everything was okay, just average.",neutral
12/19/2024,Quick delivery and good condition.,positive
4/24/2025,The update made the app slower.,negative
2/28/2025,"Fantastic experience, I’ll buy again.",negative
5/24/2025,Customer service was helpful and polite.,neutral
3/9/2025,I faced multiple issues with payment.,positive
5/4/2025,The product quality is excellent!,neutral
6/17/2025,The app is easy to use and very convenient.,neutral
9/4/2024,Customer service was helpful and polite.,positive
7/4/2025,Website navigation is smooth and user-friendly.,neutral
6/28/2025,"Everything was okay, just average.",neutral
2/14/2025,Website navigation is smooth and user-friendly.,positive
10/4/2024,Support team didn’t resolve my issue.,positive
1/10/2025,Delivery was late and packaging was damaged.,positive
2/3/2025,The instructions were unclear and confusing.,positive
8/12/2025,The app is easy to use and very convenient.,neutral
7/17/2025,Delivery was late and packaging was damaged.,negative
5/4/2025,Too expensive for the quality offered.,neutral
2/24/2025,The update made the app slower.,negative
6/14/2025,Website navigation is smooth and user-friendly.,neutral
8/17/2024,Received the wrong item in my order.,negative
12/4/2024,The instructions were unclear and confusing.,neutral
3/13/2025,The app is easy to use and very convenient.,neutral
1/3/2025,I faced multiple issues with payment.,neutral
5/25/2025,I am not satisfied with the purchase.,positive
10/11/2024,"Fantastic experience, I’ll buy again.",negative
3/10/2025,Very reliable and trustworthy service.,neutral
5/22/2025,Customer service was helpful and polite.,negative
11/5/2024,Not worth the money spent.,neutral
1/24/2025,"I had a neutral experience, nothing special.",neutral
12/4/2024,"I had a neutral experience, nothing special.",negative
5/8/2025,Very reliable and trustworthy service.,neutral
12/23/2024,Quick delivery and good condition.,positive
8/8/2025,Not worth the money spent.,positive
4/23/2025,Website navigation is smooth and user-friendly.,positive
2/3/2025,"Everything was okay, just average.",negative
4/21/2025,Customer service was helpful and polite.,neutral
7/22/2025,Delivery was late and packaging was damaged.,neutral
9/28/2024,Absolutely love the design and features.,negative
7/12/2025,Too expensive for the quality offered.,negative
12/4/2024,Quick delivery and good condition.,negative
2/22/2025,The app is easy to use and very convenient.,positive
3/4/2025,Not worth the money spent.,negative
12/9/2024,Customer service was helpful and polite.,neutral
1/4/2025,Website navigation is smooth and user-friendly.,neutral
1/15/2025,The instructions were unclear and confusing.,negative
8/21/2024,"Everything was okay, just average.",neutral
5/16/2025,Highly recommend this to my friends.,neutral
2/9/2025,Website navigation is smooth and user-friendly.,positive
4/23/2025,The update made the app slower.,positive
6/15/2025,Too expensive for the quality offered.,neutral
5/11/2025,Delivery was late and packaging was damaged.,negative
8/31/2024,The update made the app slower.,positive
3/5/2025,I am not satisfied with the purchase.,negative
1/25/2025,"Fantastic experience, I’ll buy again.",positive
9/18/2024,The instructions were unclear and confusing.,negative
12/31/2024,I faced multiple issues with payment.,negative
12/10/2024,I am not satisfied with the purchase.,negative
7/14/2025,Received the wrong item in my order.,neutral
5/17/2025,Support team didn’t resolve my issue.,positive
7/5/2025,I faced multiple issues with payment.,neutral
10/1/2024,Quick delivery and good condition.,positive
11/13/2024,I am not satisfied with the purchase.,positive
11/26/2024,I am not satisfied with the purchase.,negative
2/24/2025,Not worth the money spent.,neutral
5/12/2025,"Fantastic experience, I’ll buy again.",positive
8/20/2024,Website navigation is smooth and user-friendly.,positive
10/23/2024,I am not satisfied with the purchase.,positive
3/24/2025,I am not satisfied with the purchase.,negative
12/17/2024,"Everything was okay, just average.",negative
5/13/2025,The instructions were unclear and confusing.,neutral
4/10/2025,Customer service was helpful and polite.,positive
7/27/2025,Delivery was late and packaging was damaged.,neutral
10/4/2024,Too expensive for the quality offered.,positive
4/28/2025,"Fantastic experience, I’ll buy again.",neutral
8/31/2024,Highly recommend this to my friends.,positive
5/24/2025,Website navigation is smooth and user-friendly.,neutral
1/10/2025,The app is easy to use and very convenient.,positive
8/2/2025,Support team didn’t resolve my issue.,negative
12/28/2024,Customer service was helpful and polite.,positive
12/31/2024,Too expensive for the quality offered.,negative
7/23/2025,I am not satisfied with the purchase.,negative
4/8/2025,The app is easy to use and very convenient.,neutral
7/6/2025,Received the wrong item in my order.,negative
5/11/2025,"I had a neutral experience, nothing special.",negative
2/21/2025,Website navigation is smooth and user-friendly.,positive
2/19/2025,Website navigation is smooth and user-friendly.,positive
7/27/2025,The instructions were unclear and confusing.,negative
10/30/2024,"Fantastic experience, I’ll buy again.",negative
7/8/2025,Support team didn’t resolve my issue.,negative
10/13/2024,Website navigation is smooth and user-friendly.,negative
1/11/2025,The product quality is excellent!,neutral
11/21/2024,The app is easy to use and very convenient.,negative
5/13/2025,"Fantastic experience, I’ll buy again.",neutral
7/2/2025,Highly recommend this to my friends.,negative
5/16/2025,Received the wrong item in my order.,neutral
9/7/2024,Highly recommend this to my friends.,positive
5/14/2025,The update made the app slower.,positive
3/22/2025,I am not satisfied with the purchase.,positive
12/27/2024,Website navigation is smooth and user-friendly.,negative
9/3/2024,I am not satisfied with the purchase.,neutral
8/20/2024,The product quality is excellent!,neutral
7/3/2025,Quick delivery and good condition.,neutral
8/5/2025,Quick delivery and good condition.,negative
2/25/2025,Customer service was helpful and polite.,negative
